feature,importance
Color,0.003201077025197959
Location,0.0034032160787910554
Purchase Amount (USD),0.0035027893135379496
Shipping Type,0.0038469920188432924
Previous Purchases,0.004549070200949541
Age,0.004671504677754108
Gender,0.0621994199470521
Promo Code Used,0.14975460583366282
Discount Applied,0.18434074396213512
Customer ID,0.5623511823970302
